id,kg,a,b,c,d,e,f,g,h,i,j,k,type
1,0.5, 35.99 , 39.78 , 47.29 , 42.82 , 42.76 , 48.96 , 66.13 , 68.80 , 54.99 , 92.33 , 101.56 ,priority
2,1, 38.30 , 44.66 , 51.13 , 49.05 , 49.67 , 53.11 , 69.60 , 72.31 , 61.68 , 101.11 , 111.22 ,priority
3,1.5, 41.84 , 48.86 , 59.48 , 52.55 , 55.85 , 56.03 , 73.75 , 75.91 , 68.36 , 104.66 , 115.12 ,priority
4,2, 48.70 , 57.09 , 68.95 , 62.19 , 64.77 , 64.99 , 84.21 , 87.54 , 78.55 , 119.11 , 131.02 ,priority
5,2.5, 54.96 , 65.34 , 66.35 , 71.25 , 73.71 , 73.95 , 95.24 , 97.44 , 88.16 , 133.57 , 146.92 ,priority
6,3, 58.76 , 68.87 , 84.32 , 74.72 , 78.08 , 77.41 , 98.71 , 102.64 , 95.27 , 143.19 , 157.51 ,priority
7,3.5, 62.21 , 72.97 , 92.04 , 78.91 , 84.07 , 80.32 , 102.24 , 105.61 , 102.23 , 153.62 , 168.98 ,priority
8,4, 67.96 , 80.51 , 100.81 , 87.20 , 92.32 , 88.54 , 111.91 , 115.30 , 111.69 , 167.39 , 184.13 ,priority
9,4.5, 73.95 , 87.46 , 110.18 , 95.49 , 100.00 , 96.19 , 121.57 , 125.00 , 121.20 , 181.15 , 199.27 ,priority
10,5, 80.11 , 95.00 , 118.95 , 103.79 , 108.24 , 103.84 , 131.24 , 134.69 , 130.63 , 194.92 , 214.41 ,priority
11,5.5, 84.38 , 98.62 , 123.68 , 107.97 , 113.64 , 107.36 , 136.05 , 139.42 , 136.50 , 199.13 , 219.04 ,priority
12,6, 87.83 , 103.30 , 128.97 , 111.52 , 120.88 , 110.84 , 140.22 , 144.02 , 145.23 , 203.98 , 224.38 ,priority
13,6.5, 93.01 , 110.20 , 137.64 , 119.15 , 127.86 , 117.77 , 148.59 , 152.24 , 154.04 , 216.42 , 238.07 ,priority
14,7, 98.30 , 117.09 , 145.73 , 126.77 , 135.42 , 124.70 , 157.51 , 161.22 , 173.77 , 228.86 , 251.74 ,priority
15,7.5, 104.41 , 123.98 , 153.83 , 134.97 , 142.97 , 131.63 , 166.44 , 170.79 , 172.23 , 241.30 , 265.43 ,priority
16,8, 109.96 , 130.88 , 161.94 , 142.59 , 150.53 , 138.57 , 175.38 , 179.77 , 181.60 , 254.32 , 279.75 ,priority
17,8.5, 115.50 , 138.34 , 170.61 , 150.22 , 158.08 , 145.49 , 184.30 , 188.75 , 190.41 , 266.76 , 293.44 ,priority
18,9, 121.62 , 145.24 , 178.70 , 157.84 , 165.64 , 152.43 , 193.24 , 197.74 , 199.79 , 279.19 , 307.11 ,priority
19,9.5, 127.16 , 152.13 , 186.80 , 165.48 , 173.20 , 159.36 , 202.16 , 207.30 , 208.60 , 291.63 , 320.80 ,priority
20,10, 133.28 , 159.02 , 194.90 , 173.10 , 180.75 , 166.30 , 210.46 , 216.29 , 217.99 , 304.65 , 335.12 ,priority
21,10.5, 136.74 , 162.48 , 199.51 , 176.59 , 188.73 , 171.14 , 215.18 , 219.99 , 222.27 , 308.91 , 339.80 ,priority
22,11, 140.19 , 165.94 , 206.99 , 183.55 , 195.19 , 176.05 , 220.61 , 225.37 , 226.77 , 312.43 , 343.67 ,priority
23,11.5, 145.41 , 172.22 , 215.04 , 191.15 , 202.73 , 182.95 , 228.91 , 234.29 , 235.55 , 324.75 , 357.23 ,priority
24,12, 150.92 , 179.07 , 223.11 , 198.74 , 209.68 , 189.86 , 237.22 , 243.23 , 244.32 , 336.52 , 370.17 ,priority
25,12.5, 156.43 , 185.91 , 231.73 , 206.33 , 217.22 , 196.77 , 246.09 , 252.17 , 253.11 , 348.28 , 383.11 ,priority
26,13, 161.93 , 192.19 , 239.78 , 213.35 , 224.75 , 203.67 , 254.97 , 260.51 , 261.88 , 360.62 , 396.68 ,priority
27,13.5, 167.43 , 199.05 , 247.83 , 220.94 , 232.28 , 210.01 , 263.27 , 269.45 , 270.66 , 372.39 , 409.63 ,priority
28,14, 172.94 , 205.89 , 255.88 , 228.53 , 239.81 , 216.92 , 272.15 , 278.39 , 279.44 , 384.15 , 422.57 ,priority
29,14.5, 179.03 , 212.17 , 263.93 , 236.13 , 247.35 , 223.82 , 279.31 , 287.31 , 288.22 , 396.49 , 436.14 ,priority
30,15, 184.52 , 216.71 , 271.98 , 243.72 , 254.87 , 230.73 , 289.33 , 295.67 , 297.00 , 408.26 , 449.08 ,priority
31,15.5, 190.03 , 225.87 , 280.03 , 250.75 , 269.30 , 237.64 , 297.64 , 304.61 , 305.78 , 420.02 , 462.02 ,priority
32,16, 195.54 , 232.14 , 288.09 , 258.34 , 269.93 , 243.97 , 306.51 , 313.53 , 314.55 , 432.35 , 475.58 ,priority
33,16.5, 201.05 , 238.99 , 296.14 , 265.93 , 277.47 , 250.88 , 314.82 , 322.47 , 323.34 , 444.11 , 488.52 ,priority
34,17, 206.55 , 245.84 , 304.19 , 273.53 , 284.42 , 257.79 , 323.70 , 331.39 , 332.11 , 455.88 , 501.46 ,priority
35,17.5, 212.05 , 252.11 , 312.24 , 281.12 , 291.96 , 264.69 , 331.85 , 339.75 , 340.89 , 467.64 , 514.41 ,priority
36,18, 216.21 , 258.96 , 320.29 , 288.72 , 302.94 , 271.60 , 338.75 , 348.69 , 349.59 , 479.98 , 527.98 ,priority
37,18.5, 219.66 , 263.10 , 328.34 , 295.74 , 305.62 , 276.55 , 342.20 , 357.61 , 358.45 , 491.75 , 540.92 ,priority
38,19, 222.53 , 265.98 , 333.79 , 301.97 , 308.49 , 280.00 , 345.07 , 363.84 , 367.22 , 504.08 , 554.49 ,priority
39,19.5, 225.98 , 269.43 , 337.24 , 305.42 , 311.94 , 282.87 , 348.52 , 366.72 , 374.86 , 516.30 , 567.93 ,priority
40,20, 228.86 , 272.30 , 340.12 , 308.30 , 314.82 , 286.32 , 351.40 , 370.17 , 384.78 , 518.02 , 569.83 ,priority
41,21, 190.66 , 242.10 , 322.76 , 276.64 , 299.10 , 256.83 , 321.80 , 344.74 , 366.96 , 496.16 , 545.78 ,priority
42,22, 195.10 , 246.97 , 328.43 , 281.63 , 304.40 , 261.89 , 327.17 , 350.19 , 372.46 , 502.24 , 552.47 ,priority
43,23, 199.68 , 251.79 , 343.04 , 286.96 , 314.47 , 266.86 , 332.46 , 355.47 , 382.71 , 508.62 , 559.48 ,priority
44,24, 203.91 , 256.63 , 357.64 , 291.96 , 327.84 , 271.81 , 337.77 , 360.96 , 399.04 , 514.96 , 566.46 ,priority
45,25, 215.50 , 272.42 , 379.37 , 308.07 , 348.32 , 283.64 , 350.34 , 373.62 , 422.50 , 528.30 , 581.13 ,priority
46,26, 219.96 , 282.75 , 393.98 , 319.83 , 361.69 , 288.73 , 355.41 , 379.03 , 438.83 , 534.51 , 587.96 ,priority
47,27, 224.46 , 293.08 , 408.58 , 331.58 , 375.05 , 293.70 , 360.77 , 384.98 , 455.16 , 540.86 , 594.94 ,priority
48,28, 228.70 , 303.40 , 423.19 , 343.33 , 388.41 , 300.51 , 367.48 , 398.72 , 471.49 , 551.34 , 606.48 ,priority
49,29, 233.36 , 313.73 , 437.79 , 355.08 , 401.77 , 310.73 , 380.10 , 412.45 , 487.82 , 570.53 , 627.58 ,priority
50,30, 237.81 , 324.06 , 452.40 , 366.84 , 415.14 , 320.95 , 392.71 , 426.18 , 504.15 , 589.71 , 648.68 ,priority
51,31, 238.49 , 330.46 , 463.08 , 374.67 , 424.58 , 327.25 , 401.05 , 435.99 , 516.56 , 604.97 , 665.47 ,priority
52,32, 241.67 , 336.98 , 473.88 , 382.25 , 434.14 , 333.30 , 409.85 , 445.91 , 529.08 , 620.34 , 682.38 ,priority
53,33, 244.98 , 343.27 , 484.45 , 390.33 , 443.46 , 339.48 , 418.42 , 455.61 , 541.37 , 635.49 , 699.04 ,priority
54,34, 248.46 , 349.73 , 495.18 , 397.82 , 452.95 , 345.82 , 427.14 , 465.46 , 553.83 , 650.80 , 715.88 ,priority
55,35, 251.72 , 355.97 , 505.70 , 405.88 , 462.23 , 351.95 , 435.67 , 475.11 , 566.08 , 665.90 , 732.48 ,priority
56,36, 255.20 , 362.42 , 516.43 , 413.34 , 471.72 , 358.28 , 444.39 , 484.97 , 578.53 , 681.20 , 749.32 ,priority
57,37, 258.48 , 368.69 , 526.98 , 421.45 , 481.02 , 364.43 , 452.94 , 494.64 , 590.80 , 696.32 , 765.96 ,priority
58,38, 262.03 , 374.77 , 537.34 , 428.96 , 490.14 , 370.84 , 461.74 , 504.12 , 602.89 , 711.70 , 782.87 ,priority
59,39, 265.41 , 381.12 , 548.41 , 436.73 , 499.52 , 377.08 , 470.37 , 513.88 , 615.24 , 726.91 , 799.61 ,priority
60,40, 268.63 , 387.77 , 558.89 , 444.81 , 509.21 , 383.17 , 478.85 , 523.93 , 627.89 , 741.97 , 816.16 ,priority
61,41, 272.16 , 393.81 , 569.67 , 452.27 , 518.75 , 389.56 , 487.63 , 533.37 , 640.40 , 757.33 , 833.06 ,priority
62,42, 275.55 , 400.16 , 580.32 , 460.06 , 528.16 , 395.82 , 496.28 , 543.13 , 652.29 , 772.56 , 849.81 ,priority
63,43, 275.84 , 403.42 , 590.83 , 468.20 , 537.43 , 401.94 , 504.79 , 553.25 , 665.01 , 787.65 , 866.41 ,priority
64,44, 276.36 , 404.37 , 601.21 , 470.66 , 546.56 , 408.42 , 513.67 , 562.75 , 670.02 , 792.48 , 871.72 ,priority
65,45, 274.55 , 402.37 , 611.96 , 469.13 , 556.07 , 413.24 , 519.85 , 570.56 , 668.89 , 786.88 , 865.56 ,priority
66,46, 280.33 , 411.00 , 625.24 , 479.24 , 568.11 , 422.11 , 531.08 , 582.92 , 683.43 , 804.04 , 884.45 ,priority
67,47, 286.12 , 419.62 , 638.53 , 489.35 , 580.15 , 430.97 , 542.32 , 595.29 , 697.98 , 821.21 , 903.34 ,priority
68,48, 291.90 , 428.25 , 651.81 , 499.46 , 592.19 , 439.84 , 553.55 , 607.65 , 712.53 , 838.38 , 922.22 ,priority
69,49, 297.69 , 436.87 , 665.09 , 509.56 , 604.23 , 448.71 , 564.79 , 620.01 , 727.08 , 855.55 , 941.11 ,priority
70,50, 303.47 , 445.50 , 678.37 , 519.67 , 616.27 , 457.57 , 576.02 , 632.37 , 741.62 , 872.72 , 960.00 ,priority
71,51, 316.38 , 461.25 , 698.78 , 536.91 , 635.44 , 473.56 , 594.38 , 651.86 , 763.29 , 897.02 , 986.72 ,priority
72,52, 322.17 , 469.87 , 712.06 , 547.01 , 647.48 , 482.43 , 605.62 , 664.22 , 777.84 , 914.19 ," 1,005.60 ",priority
73,53, 327.95 , 478.50 , 725.34 , 557.12 , 659.52 , 491.30 , 616.85 , 676.58 , 792.39 , 931.36 ," 1,024.49 ",priority
74,54, 333.73 , 487.12 , 738.63 , 567.23 , 671.56 , 500.16 , 628.09 , 688.95 , 806.94 , 948.52 ," 1,043.38 ",priority
75,55, 339.52 , 495.75 , 751.91 , 577.34 , 683.60 , 509.03 , 639.32 , 701.31 , 821.48 , 965.69 ," 1,062.26 ",priority
76,56, 345.30 , 504.37 , 765.19 , 587.45 , 695.64 , 517.90 , 650.56 , 713.67 , 836.03 , 982.86 ," 1,081.15 ",priority
77,57, 351.09 , 513.00 , 778.47 , 597.56 , 707.68 , 526.76 , 661.80 , 726.03 , 850.58 ," 1,000.03 "," 1,100.04 ",priority
78,58, 356.87 , 521.62 , 791.76 , 607.66 , 719.72 , 535.63 , 673.03 , 738.40 , 865.13 ," 1,017.20 "," 1,118.92 ",priority
79,59, 362.66 , 530.25 , 805.04 , 617.77 , 731.76 , 544.50 , 684.27 , 750.76 , 879.67 ," 1,034.37 "," 1,137.81 ",priority
80,60, 368.44 , 538.87 , 818.32 , 627.88 , 743.80 , 553.36 , 695.50 , 763.12 , 894.22 ," 1,051.54 "," 1,156.70 ",priority
81,61, 374.23 , 547.50 , 831.60 , 637.99 , 755.84 , 562.23 , 706.74 , 775.48 , 908.77 ," 1,068.71 "," 1,175.58 ",priority
82,62, 380.01 , 556.12 , 844.89 , 648.10 , 767.88 , 571.09 , 717.97 , 787.85 , 923.32 ," 1,085.88 "," 1,194.47 ",priority
83,63, 385.80 , 564.75 , 858.17 , 658.21 , 779.92 , 579.96 , 729.21 , 800.21 , 937.86 ," 1,103.05 "," 1,213.36 ",priority
84,64, 391.58 , 573.37 , 871.45 , 668.32 , 791.96 , 588.83 , 740.44 , 812.57 , 952.41 ," 1,120.22 "," 1,232.24 ",priority
85,65, 397.36 , 582.00 , 884.73 , 678.42 , 804.00 , 597.69 , 751.68 , 824.93 , 966.96 ," 1,137.39 "," 1,251.13 ",priority
86,66, 403.15 , 590.62 , 898.02 , 688.53 , 816.04 , 606.56 , 762.91 , 837.30 , 981.51 ," 1,154.56 "," 1,270.01 ",priority
87,67, 408.93 , 599.25 , 911.30 , 698.64 , 828.09 , 615.43 , 774.15 , 849.66 , 996.05 ," 1,171.73 "," 1,288.90 ",priority
88,68, 414.72 , 607.87 , 924.58 , 708.75 , 840.13 , 624.29 , 785.39 , 862.02 ," 1,010.60 "," 1,188.90 "," 1,307.79 ",priority
89,69, 420.50 , 616.50 , 937.86 , 718.86 , 852.17 , 633.16 , 796.62 , 874.38 ," 1,025.15 "," 1,206.07 "," 1,326.67 ",priority
90,70, 426.29 , 625.12 , 951.15 , 728.97 , 864.21 , 642.03 , 807.86 , 886.75 ," 1,039.70 "," 1,223.24 "," 1,345.56 ",priority
91,71, 416.56 , 607.62 , 925.24 , 717.03 , 842.77 , 628.03 , 790.51 , 868.90 ," 1,020.77 "," 1,198.76 "," 1,318.64 ",priority
92,72, 422.12 , 615.88 , 937.97 , 726.83 , 854.34 , 636.58 , 801.35 , 880.84 ," 1,034.84 "," 1,215.35 "," 1,336.88 ",priority
93,73, 427.69 , 624.13 , 950.70 , 736.63 , 865.91 , 645.12 , 812.18 , 892.77 ," 1,048.92 "," 1,231.93 "," 1,355.12 ",priority
94,74, 433.26 , 632.39 , 963.43 , 746.42 , 877.48 , 653.66 , 823.01 , 904.71 ," 1,063.00 "," 1,248.51 "," 1,373.37 ",priority
95,75, 438.82 , 640.65 , 976.16 , 756.22 , 889.05 , 662.21 , 833.85 , 916.65 ," 1,077.07 "," 1,265.10 "," 1,391.61 ",priority
96,76, 444.39 , 648.90 , 988.89 , 766.02 , 900.62 , 670.75 , 844.68 , 928.58 ," 1,091.15 "," 1,281.68 "," 1,409.85 ",priority
97,77, 449.95 , 657.16 ," 1,001.62 ", 775.82 , 912.18 , 679.30 , 855.51 , 940.52 ," 1,105.22 "," 1,298.26 "," 1,428.09 ",priority
98,78, 455.52 , 665.42 ," 1,014.35 ", 785.62 , 923.75 , 687.84 , 866.35 , 952.46 ," 1,119.30 "," 1,314.85 "," 1,446.33 ",priority
99,79, 461.09 , 673.67 ," 1,027.08 ", 795.41 , 935.32 , 696.39 , 877.18 , 964.39 ," 1,133.38 "," 1,331.43 "," 1,464.57 ",priority
100,80, 466.65 , 681.93 ," 1,039.81 ", 805.21 , 946.89 , 704.93 , 888.01 , 976.33 ," 1,147.45 "," 1,348.01 "," 1,482.81 ",priority
101,81, 472.22 , 690.19 ," 1,052.54 ", 815.01 , 958.46 , 713.48 , 898.84 , 988.27 ," 1,161.53 "," 1,364.59 "," 1,501.05 ",priority
102,82, 477.78 , 698.45 ," 1,065.27 ", 824.81 , 970.03 , 722.02 , 909.68 ," 1,000.21 "," 1,175.60 "," 1,381.18 "," 1,519.30 ",priority
103,83, 483.35 , 706.70 ," 1,078.00 ", 834.61 , 981.60 , 730.57 , 920.51 ," 1,012.14 "," 1,189.68 "," 1,397.76 "," 1,537.54 ",priority
104,84, 488.92 , 714.96 ," 1,090.73 ", 844.40 , 993.17 , 739.11 , 931.34 ," 1,024.08 "," 1,203.76 "," 1,414.34 "," 1,555.78 ",priority
105,85, 494.48 , 723.22 ," 1,103.46 ", 854.20 ," 1,004.74 ", 747.65 , 942.18 ," 1,036.02 "," 1,217.83 "," 1,430.93 "," 1,574.02 ",priority
106,86, 500.05 , 731.47 ," 1,116.19 ", 864.00 ," 1,016.31 ", 756.20 , 953.01 ," 1,047.95 "," 1,231.91 "," 1,447.51 "," 1,592.26 ",priority
107,87, 505.61 , 739.73 ," 1,128.93 ", 873.80 ," 1,027.87 ", 764.74 , 963.84 ," 1,059.89 "," 1,245.98 "," 1,464.09 "," 1,610.50 ",priority
108,88, 511.18 , 747.99 ," 1,141.66 ", 883.60 ," 1,039.44 ", 773.29 , 974.68 ," 1,071.83 "," 1,260.06 "," 1,480.68 "," 1,628.74 ",priority
109,89, 516.75 , 756.24 ," 1,154.39 ", 893.39 ," 1,051.01 ", 781.83 , 985.51 ," 1,083.76 "," 1,274.14 "," 1,497.26 "," 1,646.98 ",priority
110,90, 522.31 , 764.50 ," 1,167.12 ", 903.19 ," 1,062.58 ", 790.38 , 996.34 ," 1,095.70 "," 1,288.21 "," 1,513.84 "," 1,665.23 ",priority
111,91, 527.88 , 772.76 ," 1,179.85 ", 912.99 ," 1,074.15 ", 798.92 ," 1,007.17 "," 1,107.64 "," 1,302.29 "," 1,530.42 "," 1,683.47 ",priority
112,92, 533.44 , 781.02 ," 1,192.58 ", 922.79 ," 1,085.72 ", 807.47 ," 1,018.01 "," 1,119.58 "," 1,316.36 "," 1,547.01 "," 1,701.71 ",priority
113,93, 539.01 , 789.27 ," 1,205.31 ", 932.59 ," 1,097.29 ", 816.01 ," 1,028.84 "," 1,131.51 "," 1,330.44 "," 1,563.59 "," 1,719.95 ",priority
114,94, 544.58 , 797.53 ," 1,218.04 ", 942.38 ," 1,108.86 ", 824.55 ," 1,039.67 "," 1,143.45 "," 1,344.52 "," 1,580.17 "," 1,738.19 ",priority
115,95, 550.14 , 805.79 ," 1,230.77 ", 952.18 ," 1,120.43 ", 833.10 ," 1,050.51 "," 1,155.39 "," 1,358.59 "," 1,596.76 "," 1,756.43 ",priority
116,96, 555.71 , 814.04 ," 1,243.50 ", 961.98 ," 1,132.00 ", 841.64 ," 1,061.34 "," 1,167.32 "," 1,372.67 "," 1,613.34 "," 1,774.67 ",priority
117,97, 561.27 , 822.30 ," 1,256.23 ", 971.78 ," 1,143.56 ", 850.19 ," 1,072.17 "," 1,179.26 "," 1,386.74 "," 1,629.92 "," 1,792.91 ",priority
118,98, 566.84 , 830.56 ," 1,268.96 ", 981.58 ," 1,155.13 ", 858.73 ," 1,083.01 "," 1,191.20 "," 1,400.82 "," 1,646.51 "," 1,811.16 ",priority
119,99, 572.41 , 838.81 ," 1,281.69 ", 991.37 ," 1,166.70 ", 867.28 ," 1,093.84 "," 1,203.13 "," 1,414.90 "," 1,663.09 "," 1,829.40 ",priority
120,100, 564.17 , 29.50 , 33.95 , 31.03 , 32.80 , 29.78 , 32.07 , 33.16 , 35.32 , 37.81 , 41.59 ,priority
121,101, 576.72 , 849.68 ," 1,299.18 "," 1,004.16 "," 1,183.03 ", 877.55 ," 1,108.69 "," 1,219.03 "," 1,437.40 "," 1,688.28 "," 1,857.11 ",priority
122,102, 582.15 , 857.81 ," 1,311.76 "," 1,013.82 "," 1,194.46 ", 885.96 ," 1,119.39 "," 1,230.82 "," 1,451.34 "," 1,704.71 "," 1,875.18 ",priority
123,103, 587.58 , 865.94 ," 1,324.34 "," 1,023.48 "," 1,205.89 ", 894.37 ," 1,130.08 "," 1,242.61 "," 1,465.29 "," 1,721.15 "," 1,893.26 ",priority
124,104, 593.01 , 874.07 ," 1,336.92 "," 1,033.14 "," 1,217.32 ", 902.77 ," 1,140.78 "," 1,254.40 "," 1,479.24 "," 1,737.58 "," 1,911.34 ",priority
125,105, 598.44 , 882.20 ," 1,349.50 "," 1,042.80 "," 1,228.75 ", 911.18 ," 1,151.47 "," 1,266.18 "," 1,493.19 "," 1,754.01 "," 1,929.41 ",priority
126,106, 603.86 , 890.33 ," 1,362.08 "," 1,052.46 "," 1,240.18 ", 919.58 ," 1,162.17 "," 1,277.97 "," 1,507.14 "," 1,770.45 "," 1,947.49 ",priority
127,107, 609.29 , 898.46 ," 1,374.66 "," 1,062.12 "," 1,251.61 ", 927.99 ," 1,172.86 "," 1,289.76 "," 1,521.09 "," 1,786.88 "," 1,965.57 ",priority
128,108, 614.72 , 906.59 ," 1,387.24 "," 1,071.78 "," 1,263.04 ", 936.40 ," 1,183.56 "," 1,301.55 "," 1,535.04 "," 1,803.31 "," 1,983.64 ",priority
129,109, 620.15 , 914.72 ," 1,399.82 "," 1,081.44 "," 1,274.47 ", 944.80 ," 1,194.25 "," 1,313.33 "," 1,548.99 "," 1,819.75 "," 2,001.72 ",priority
130,110, 625.58 , 922.85 ," 1,412.41 "," 1,091.10 "," 1,285.91 ", 953.21 ," 1,204.95 "," 1,325.12 "," 1,562.94 "," 1,836.18 "," 2,019.80 ",priority
131,111, 631.00 , 930.98 ," 1,424.99 "," 1,100.76 "," 1,297.34 ", 961.62 ," 1,215.64 "," 1,336.91 "," 1,576.89 "," 1,852.61 "," 2,037.88 ",priority
132,112, 636.43 , 939.11 ," 1,437.57 "," 1,110.42 "," 1,308.77 ", 970.02 ," 1,226.34 "," 1,348.70 "," 1,590.84 "," 1,869.05 "," 2,055.95 ",priority
133,113, 641.86 , 947.24 ," 1,450.15 "," 1,120.08 "," 1,320.20 ", 978.43 ," 1,237.03 "," 1,360.48 "," 1,604.79 "," 1,885.48 "," 2,074.03 ",priority
134,114, 647.29 , 955.37 ," 1,462.73 "," 1,129.74 "," 1,331.63 ", 986.84 ," 1,247.73 "," 1,372.27 "," 1,618.74 "," 1,901.91 "," 2,092.11 ",priority
135,115, 652.72 , 963.50 ," 1,475.31 "," 1,139.40 "," 1,343.06 ", 995.24 ," 1,258.42 "," 1,384.06 "," 1,632.69 "," 1,918.35 "," 2,110.18 ",priority
136,116, 658.14 , 971.63 ," 1,487.89 "," 1,149.06 "," 1,354.49 "," 1,003.65 "," 1,269.12 "," 1,395.85 "," 1,646.64 "," 1,934.78 "," 2,128.26 ",priority
137,117, 663.57 , 979.76 ," 1,500.47 "," 1,158.72 "," 1,365.92 "," 1,012.06 "," 1,279.81 "," 1,407.63 "," 1,660.59 "," 1,951.22 "," 2,146.34 ",priority
138,118, 669.00 , 987.89 ," 1,513.05 "," 1,168.38 "," 1,377.35 "," 1,020.46 "," 1,290.51 "," 1,419.42 "," 1,674.54 "," 1,967.65 "," 2,164.41 ",priority
139,119, 674.43 , 996.03 ," 1,525.63 "," 1,178.04 "," 1,388.78 "," 1,028.87 "," 1,301.20 "," 1,431.21 "," 1,688.49 "," 1,984.08 "," 2,182.49 ",priority
140,120, 679.86 ," 1,004.16 "," 1,538.22 "," 1,187.70 "," 1,400.22 "," 1,037.28 "," 1,311.90 "," 1,443.00 "," 1,702.44 "," 2,000.52 "," 2,200.57 ",priority
141,121, 685.28 ," 1,012.29 "," 1,550.80 "," 1,197.36 "," 1,411.65 "," 1,045.68 "," 1,322.59 "," 1,454.78 "," 1,716.39 "," 2,016.95 "," 2,218.64 ",priority
142,122, 690.71 ," 1,020.42 "," 1,563.38 "," 1,207.02 "," 1,423.08 "," 1,054.09 "," 1,333.29 "," 1,466.57 "," 1,730.33 "," 2,033.38 "," 2,236.72 ",priority
143,123, 696.14 ," 1,028.55 "," 1,575.96 "," 1,216.68 "," 1,434.51 "," 1,062.50 "," 1,343.98 "," 1,478.36 "," 1,744.28 "," 2,049.82 "," 2,254.80 ",priority
144,124, 701.57 ," 1,036.68 "," 1,588.54 "," 1,226.34 "," 1,445.94 "," 1,070.90 "," 1,354.68 "," 1,490.15 "," 1,758.23 "," 2,066.25 "," 2,272.87 ",priority
145,125, 707.00 ," 1,044.81 "," 1,601.12 "," 1,236.00 "," 1,457.37 "," 1,079.31 "," 1,365.37 "," 1,501.93 "," 1,772.18 "," 2,082.68 "," 2,290.95 ",priority
146,126, 719.55 ," 1,060.06 "," 1,620.83 "," 1,252.78 "," 1,475.93 "," 1,094.84 "," 1,383.19 "," 1,520.84 "," 1,793.26 "," 2,106.24 "," 2,316.86 ",priority
147,127, 724.98 ," 1,068.19 "," 1,633.41 "," 1,262.44 "," 1,487.36 "," 1,103.24 "," 1,393.88 "," 1,532.63 "," 1,807.21 "," 2,122.67 "," 2,334.94 ",priority
148,128, 730.40 ," 1,076.32 "," 1,645.99 "," 1,272.10 "," 1,498.79 "," 1,111.65 "," 1,404.58 "," 1,544.42 "," 1,821.16 "," 2,139.11 "," 2,353.02 ",priority
149,129, 735.83 ," 1,084.45 "," 1,658.57 "," 1,281.76 "," 1,510.22 "," 1,120.06 "," 1,415.27 "," 1,556.21 "," 1,835.10 "," 2,155.54 "," 2,371.10 ",priority
150,130, 741.26 ," 1,092.58 "," 1,671.15 "," 1,291.42 "," 1,521.65 "," 1,128.46 "," 1,425.97 "," 1,567.99 "," 1,849.05 "," 2,171.97 "," 2,389.17 ",priority
151,131, 746.69 ," 1,100.71 "," 1,683.73 "," 1,301.08 "," 1,533.08 "," 1,136.87 "," 1,436.66 "," 1,579.78 "," 1,863.00 "," 2,188.41 "," 2,407.25 ",priority
152,132, 752.12 ," 1,108.85 "," 1,696.31 "," 1,310.74 "," 1,544.51 "," 1,145.28 "," 1,447.36 "," 1,591.57 "," 1,876.95 "," 2,204.84 "," 2,425.33 ",priority
153,133, 757.54 ," 1,116.98 "," 1,708.89 "," 1,320.40 "," 1,555.94 "," 1,153.68 "," 1,458.05 "," 1,603.36 "," 1,890.90 "," 2,221.27 "," 2,443.40 ",priority
154,134, 762.97 ," 1,125.11 "," 1,721.47 "," 1,330.06 "," 1,567.37 "," 1,162.09 "," 1,468.75 "," 1,615.14 "," 1,904.85 "," 2,237.71 "," 2,461.48 ",priority
155,135, 768.40 ," 1,133.24 "," 1,734.05 "," 1,339.72 "," 1,578.80 "," 1,170.50 "," 1,479.44 "," 1,626.93 "," 1,918.80 "," 2,254.14 "," 2,479.56 ",priority
156,136, 773.83 ," 1,141.37 "," 1,746.64 "," 1,349.38 "," 1,590.24 "," 1,178.90 "," 1,490.14 "," 1,638.72 "," 1,932.75 "," 2,270.58 "," 2,497.63 ",priority
157,137, 779.26 ," 1,149.50 "," 1,759.22 "," 1,359.04 "," 1,601.67 "," 1,187.31 "," 1,500.83 "," 1,650.51 "," 1,946.70 "," 2,287.01 "," 2,515.71 ",priority
158,138, 784.68 ," 1,157.63 "," 1,771.80 "," 1,368.70 "," 1,613.10 "," 1,195.72 "," 1,511.53 "," 1,662.29 "," 1,960.65 "," 2,303.44 "," 2,533.79 ",priority
159,139, 790.11 ," 1,165.76 "," 1,784.38 "," 1,378.36 "," 1,624.53 "," 1,204.12 "," 1,522.22 "," 1,674.08 "," 1,974.60 "," 2,319.88 "," 2,551.86 ",priority
160,140, 795.54 ," 1,173.89 "," 1,796.96 "," 1,388.02 "," 1,635.96 "," 1,212.53 "," 1,532.92 "," 1,685.87 "," 1,988.55 "," 2,336.31 "," 2,569.94 ",priority
161,141, 800.97 ," 1,182.02 "," 1,809.54 "," 1,397.68 "," 1,647.39 "," 1,220.94 "," 1,543.61 "," 1,697.66 "," 2,002.50 "," 2,352.74 "," 2,588.02 ",priority
162,142, 806.40 ," 1,190.15 "," 1,822.12 "," 1,407.34 "," 1,658.82 "," 1,229.34 "," 1,554.31 "," 1,709.44 "," 2,016.45 "," 2,369.18 "," 2,606.09 ",priority
163,143, 811.82 ," 1,198.28 "," 1,834.70 "," 1,417.00 "," 1,670.25 "," 1,237.75 "," 1,565.00 "," 1,721.23 "," 2,030.40 "," 2,385.61 "," 2,624.17 ",priority
164,144, 817.25 ," 1,206.41 "," 1,847.28 "," 1,426.66 "," 1,681.68 "," 1,246.16 "," 1,575.70 "," 1,733.02 "," 2,044.35 "," 2,402.04 "," 2,642.25 ",priority
165,145, 822.68 ," 1,214.54 "," 1,859.86 "," 1,436.32 "," 1,693.11 "," 1,254.56 "," 1,586.39 "," 1,744.81 "," 2,058.30 "," 2,418.48 "," 2,660.32 ",priority
166,146, 828.11 ," 1,222.67 "," 1,872.45 "," 1,445.98 "," 1,704.55 "," 1,262.97 "," 1,597.09 "," 1,756.59 "," 2,072.25 "," 2,434.91 "," 2,678.40 ",priority
167,147, 833.54 ," 1,230.80 "," 1,885.03 "," 1,455.64 "," 1,715.98 "," 1,271.37 "," 1,607.78 "," 1,768.38 "," 2,086.20 "," 2,451.34 "," 2,696.48 ",priority
168,148, 838.96 ," 1,238.93 "," 1,897.61 "," 1,465.30 "," 1,727.41 "," 1,279.78 "," 1,618.48 "," 1,780.17 "," 2,100.15 "," 2,467.78 "," 2,714.56 ",priority
169,149, 844.39 ," 1,247.06 "," 1,910.19 "," 1,474.96 "," 1,738.84 "," 1,288.19 "," 1,629.17 "," 1,791.96 "," 2,114.09 "," 2,484.21 "," 2,732.63 ",priority
170,150, 856.94 ," 1,262.32 "," 1,929.89 "," 1,491.74 "," 1,757.39 "," 1,303.72 "," 1,646.99 "," 1,810.87 "," 2,135.17 "," 2,507.77 "," 2,758.55 ",priority
171,151, 862.37 ," 1,270.45 "," 1,942.47 "," 1,501.40 "," 1,768.82 "," 1,312.12 "," 1,657.69 "," 1,822.66 "," 2,149.12 "," 2,524.20 "," 2,776.62 ",priority
172,152, 867.80 ," 1,278.58 "," 1,955.06 "," 1,511.06 "," 1,780.26 "," 1,320.53 "," 1,668.38 "," 1,834.44 "," 2,163.07 "," 2,540.64 "," 2,794.70 ",priority
173,153, 873.23 ," 1,286.71 "," 1,967.64 "," 1,520.72 "," 1,791.69 "," 1,328.94 "," 1,679.08 "," 1,846.23 "," 2,177.02 "," 2,557.07 "," 2,812.78 ",priority
174,154, 878.66 ," 1,294.84 "," 1,980.22 "," 1,530.38 "," 1,803.12 "," 1,337.34 "," 1,689.77 "," 1,858.02 "," 2,190.97 "," 2,573.50 "," 2,830.85 ",priority
175,155, 884.08 ," 1,302.97 "," 1,992.80 "," 1,540.04 "," 1,814.55 "," 1,345.75 "," 1,700.47 "," 1,869.81 "," 2,204.92 "," 2,589.94 "," 2,848.93 ",priority
176,156, 889.51 ," 1,311.10 "," 2,005.38 "," 1,549.70 "," 1,825.98 "," 1,354.16 "," 1,711.16 "," 1,881.59 "," 2,218.87 "," 2,606.37 "," 2,867.01 ",priority
177,157, 894.94 ," 1,319.23 "," 2,017.96 "," 1,559.36 "," 1,837.41 "," 1,362.56 "," 1,721.86 "," 1,893.38 "," 2,232.81 "," 2,622.80 "," 2,885.08 ",priority
178,158, 900.37 ," 1,327.36 "," 2,030.54 "," 1,569.02 "," 1,848.84 "," 1,370.97 "," 1,732.55 "," 1,905.17 "," 2,246.76 "," 2,639.24 "," 2,903.16 ",priority
179,159, 905.80 ," 1,335.49 "," 2,043.12 "," 1,578.68 "," 1,860.27 "," 1,379.38 "," 1,743.25 "," 1,916.96 "," 2,260.71 "," 2,655.67 "," 2,921.24 ",priority
180,160, 911.22 ," 1,343.62 "," 2,055.70 "," 1,588.34 "," 1,871.70 "," 1,387.78 "," 1,753.94 "," 1,928.74 "," 2,274.66 "," 2,672.10 "," 2,939.31 ",priority
181,161, 916.65 ," 1,351.75 "," 2,068.28 "," 1,598.00 "," 1,883.13 "," 1,396.19 "," 1,764.64 "," 1,940.53 "," 2,288.61 "," 2,688.54 "," 2,957.39 ",priority
182,162, 922.08 ," 1,359.88 "," 2,080.87 "," 1,607.66 "," 1,894.57 "," 1,404.60 "," 1,775.33 "," 1,952.32 "," 2,302.56 "," 2,704.97 "," 2,975.47 ",priority
183,163, 927.51 ," 1,368.01 "," 2,093.45 "," 1,617.32 "," 1,906.00 "," 1,413.00 "," 1,786.03 "," 1,964.11 "," 2,316.51 "," 2,721.40 "," 2,993.54 ",priority
184,164, 932.94 ," 1,376.15 "," 2,106.03 "," 1,626.98 "," 1,917.43 "," 1,421.41 "," 1,796.72 "," 1,975.89 "," 2,330.46 "," 2,737.84 "," 3,011.62 ",priority
185,165, 938.36 ," 1,384.28 "," 2,118.61 "," 1,636.64 "," 1,928.86 "," 1,429.82 "," 1,807.42 "," 1,987.68 "," 2,344.41 "," 2,754.27 "," 3,029.70 ",priority
186,166, 943.79 ," 1,392.41 "," 2,131.19 "," 1,646.30 "," 1,940.29 "," 1,438.22 "," 1,818.11 "," 1,999.47 "," 2,358.36 "," 2,770.70 "," 3,047.77 ",priority
187,167, 949.22 ," 1,400.54 "," 2,143.77 "," 1,655.96 "," 1,951.72 "," 1,446.63 "," 1,828.81 "," 2,011.26 "," 2,372.31 "," 2,787.14 "," 3,065.85 ",priority
188,168, 954.65 ," 1,408.67 "," 2,156.35 "," 1,665.62 "," 1,963.15 "," 1,455.04 "," 1,839.50 "," 2,023.04 "," 2,386.26 "," 2,803.57 "," 3,083.93 ",priority
189,169, 960.08 ," 1,416.80 "," 2,168.93 "," 1,675.28 "," 1,974.58 "," 1,463.44 "," 1,850.20 "," 2,034.83 "," 2,400.21 "," 2,820.00 "," 3,102.01 ",priority
190,170, 965.50 ," 1,424.93 "," 2,181.51 "," 1,684.94 "," 1,986.01 "," 1,471.85 "," 1,860.89 "," 2,046.62 "," 2,414.16 "," 2,836.44 "," 3,120.08 ",priority
191,171, 970.93 ," 1,433.06 "," 2,194.09 "," 1,694.60 "," 1,997.44 "," 1,480.25 "," 1,871.59 "," 2,058.41 "," 2,428.11 "," 2,852.87 "," 3,138.16 ",priority
192,172, 976.36 ," 1,441.19 "," 2,206.68 "," 1,704.26 "," 2,008.88 "," 1,488.66 "," 1,882.28 "," 2,070.19 "," 2,442.06 "," 2,869.31 "," 3,156.24 ",priority
193,173, 981.79 ," 1,449.32 "," 2,219.26 "," 1,713.92 "," 2,020.31 "," 1,497.07 "," 1,892.98 "," 2,081.98 "," 2,456.01 "," 2,885.74 "," 3,174.31 ",priority
194,174, 987.22 ," 1,457.45 "," 2,231.84 "," 1,723.58 "," 2,031.74 "," 1,505.47 "," 1,903.67 "," 2,093.77 "," 2,469.96 "," 2,902.17 "," 3,192.39 ",priority
195,175, 992.64 ," 1,465.58 "," 2,244.42 "," 1,733.24 "," 2,043.17 "," 1,513.88 "," 1,914.37 "," 2,105.56 "," 2,483.91 "," 2,918.61 "," 3,210.47 ",priority
196,176," 1,005.20 "," 1,480.84 "," 2,264.12 "," 1,750.03 "," 2,061.72 "," 1,529.41 "," 1,932.19 "," 2,124.47 "," 2,504.98 "," 2,942.16 "," 3,236.38 ",priority
197,177," 1,010.62 "," 1,488.97 "," 2,276.70 "," 1,759.69 "," 2,073.15 "," 1,537.82 "," 1,942.88 "," 2,136.25 "," 2,518.93 "," 2,958.60 "," 3,254.46 ",priority
198,178," 1,016.05 "," 1,497.10 "," 2,289.29 "," 1,769.35 "," 2,084.59 "," 1,546.22 "," 1,953.58 "," 2,148.04 "," 2,532.88 "," 2,975.03 "," 3,272.53 ",priority
199,179," 1,021.48 "," 1,505.23 "," 2,301.87 "," 1,779.01 "," 2,096.02 "," 1,554.63 "," 1,964.27 "," 2,159.83 "," 2,546.83 "," 2,991.46 "," 3,290.61 ",priority
200,180," 1,026.91 "," 1,513.36 "," 2,314.45 "," 1,788.67 "," 2,107.45 "," 1,563.04 "," 1,974.97 "," 2,171.62 "," 2,560.78 "," 3,007.90 "," 3,308.69 ",priority
201,181," 1,032.34 "," 1,521.49 "," 2,327.03 "," 1,798.33 "," 2,118.88 "," 1,571.44 "," 1,985.66 "," 2,183.40 "," 2,574.73 "," 3,024.33 "," 3,326.76 ",priority
202,182," 1,037.76 "," 1,529.62 "," 2,339.61 "," 1,807.99 "," 2,130.31 "," 1,579.85 "," 1,996.36 "," 2,195.19 "," 2,588.68 "," 3,040.76 "," 3,344.84 ",priority
203,183," 1,043.19 "," 1,537.75 "," 2,352.19 "," 1,817.65 "," 2,141.74 "," 1,588.26 "," 2,007.05 "," 2,206.98 "," 2,602.63 "," 3,057.20 "," 3,362.92 ",priority
204,184," 1,048.62 "," 1,545.88 "," 2,364.77 "," 1,827.31 "," 2,153.17 "," 1,596.66 "," 2,017.75 "," 2,218.77 "," 2,616.58 "," 3,073.63 "," 3,380.99 ",priority
205,185," 1,054.05 "," 1,554.01 "," 2,377.35 "," 1,836.97 "," 2,164.60 "," 1,605.07 "," 2,028.44 "," 2,230.55 "," 2,630.52 "," 3,090.06 "," 3,399.07 ",priority
206,186," 1,059.48 "," 1,562.14 "," 2,389.93 "," 1,846.63 "," 2,176.03 "," 1,613.48 "," 2,039.14 "," 2,242.34 "," 2,644.47 "," 3,106.50 "," 3,417.15 ",priority
207,187," 1,064.90 "," 1,570.27 "," 2,402.51 "," 1,856.29 "," 2,187.46 "," 1,621.88 "," 2,049.83 "," 2,254.13 "," 2,658.42 "," 3,122.93 "," 3,435.22 ",priority
208,188," 1,070.33 "," 1,578.40 "," 2,415.10 "," 1,865.95 "," 2,198.90 "," 1,630.29 "," 2,060.53 "," 2,265.92 "," 2,672.37 "," 3,139.37 "," 3,453.30 ",priority
209,189," 1,075.76 "," 1,586.53 "," 2,427.68 "," 1,875.61 "," 2,210.33 "," 1,638.70 "," 2,071.22 "," 2,277.70 "," 2,686.32 "," 3,155.80 "," 3,471.38 ",priority
210,190," 1,081.19 "," 1,594.66 "," 2,440.26 "," 1,885.27 "," 2,221.76 "," 1,647.10 "," 2,081.92 "," 2,289.49 "," 2,700.27 "," 3,172.23 "," 3,489.46 ",priority
211,191," 1,086.62 "," 1,602.79 "," 2,452.84 "," 1,894.93 "," 2,233.19 "," 1,655.51 "," 2,092.61 "," 2,301.28 "," 2,714.22 "," 3,188.67 "," 3,507.53 ",priority
212,192," 1,092.04 "," 1,610.92 "," 2,465.42 "," 1,904.59 "," 2,244.62 "," 1,663.92 "," 2,103.31 "," 2,313.07 "," 2,728.17 "," 3,205.10 "," 3,525.61 ",priority
213,193," 1,097.47 "," 1,619.05 "," 2,478.00 "," 1,914.25 "," 2,256.05 "," 1,672.32 "," 2,114.00 "," 2,324.85 "," 2,742.12 "," 3,221.53 "," 3,543.69 ",priority
214,194," 1,102.90 "," 1,627.18 "," 2,490.58 "," 1,923.91 "," 2,267.48 "," 1,680.73 "," 2,124.70 "," 2,336.64 "," 2,756.07 "," 3,237.97 "," 3,561.76 ",priority
215,195," 1,108.33 "," 1,635.31 "," 2,503.16 "," 1,933.57 "," 2,278.91 "," 1,689.13 "," 2,135.39 "," 2,348.43 "," 2,770.02 "," 3,254.40 "," 3,579.84 ",priority
216,196," 1,113.76 "," 1,643.45 "," 2,515.74 "," 1,943.23 "," 2,290.34 "," 1,697.54 "," 2,146.09 "," 2,360.22 "," 2,783.97 "," 3,270.83 "," 3,597.92 ",priority
217,197," 1,119.18 "," 1,651.58 "," 2,528.32 "," 1,952.89 "," 2,301.77 "," 1,705.95 "," 2,156.78 "," 2,372.00 "," 2,797.92 "," 3,287.27 "," 3,615.99 ",priority
218,198," 1,124.61 "," 1,659.71 "," 2,540.91 "," 1,962.55 "," 2,313.21 "," 1,714.35 "," 2,167.48 "," 2,383.79 "," 2,811.87 "," 3,303.70 "," 3,634.07 ",priority
219,199," 1,130.04 "," 1,667.84 "," 2,553.49 "," 1,972.21 "," 2,324.64 "," 1,722.76 "," 2,178.17 "," 2,395.58 "," 2,825.82 "," 3,320.13 "," 3,652.15 ",priority
220,200," 1,135.47 "," 1,675.97 "," 2,566.07 "," 1,981.87 "," 2,336.07 "," 1,731.17 "," 2,188.87 "," 2,407.37 "," 2,839.77 "," 3,336.57 "," 3,670.22 ",priority
221,201," 1,148.02 "," 1,691.22 "," 2,585.77 "," 1,998.65 "," 2,354.62 "," 1,746.70 "," 2,206.69 "," 2,426.28 "," 2,860.84 "," 3,360.12 "," 3,696.14 ",priority
222,202," 1,153.45 "," 1,699.35 "," 2,598.35 "," 2,008.31 "," 2,366.05 "," 1,755.10 "," 2,217.38 "," 2,438.07 "," 2,874.79 "," 3,376.56 "," 3,714.21 ",priority
223,203," 1,158.88 "," 1,707.48 "," 2,610.93 "," 2,017.97 "," 2,377.48 "," 1,763.51 "," 2,228.08 "," 2,449.85 "," 2,888.74 "," 3,392.99 "," 3,732.29 ",priority
224,204," 1,164.30 "," 1,715.61 "," 2,623.52 "," 2,027.63 "," 2,388.92 "," 1,771.92 "," 2,238.77 "," 2,461.64 "," 2,902.69 "," 3,409.43 "," 3,750.37 ",priority
225,205," 1,169.73 "," 1,723.74 "," 2,636.10 "," 2,037.29 "," 2,400.35 "," 1,780.32 "," 2,249.47 "," 2,473.43 "," 2,916.64 "," 3,425.86 "," 3,768.44 ",priority
226,206," 1,175.16 "," 1,731.87 "," 2,648.68 "," 2,046.95 "," 2,411.78 "," 1,788.73 "," 2,260.16 "," 2,485.22 "," 2,930.59 "," 3,442.29 "," 3,786.52 ",priority
227,207," 1,180.59 "," 1,740.00 "," 2,661.26 "," 2,056.61 "," 2,423.21 "," 1,797.14 "," 2,270.86 "," 2,497.00 "," 2,944.54 "," 3,458.73 "," 3,804.60 ",priority
228,208," 1,186.02 "," 1,748.14 "," 2,673.84 "," 2,066.27 "," 2,434.64 "," 1,805.54 "," 2,281.55 "," 2,508.79 "," 2,958.49 "," 3,475.16 "," 3,822.68 ",priority
229,209," 1,191.44 "," 1,756.27 "," 2,686.42 "," 2,075.93 "," 2,446.07 "," 1,813.95 "," 2,292.25 "," 2,520.58 "," 2,972.44 "," 3,491.59 "," 3,840.75 ",priority
230,210," 1,196.87 "," 1,764.40 "," 2,699.00 "," 2,085.59 "," 2,457.50 "," 1,822.36 "," 2,302.94 "," 2,532.37 "," 2,986.39 "," 3,508.03 "," 3,858.83 ",priority
231,211," 1,202.30 "," 1,772.53 "," 2,711.58 "," 2,095.25 "," 2,468.93 "," 1,830.76 "," 2,313.64 "," 2,544.15 "," 3,000.34 "," 3,524.46 "," 3,876.91 ",priority
232,212," 1,207.73 "," 1,780.66 "," 2,724.16 "," 2,104.91 "," 2,480.36 "," 1,839.17 "," 2,324.33 "," 2,555.94 "," 3,014.29 "," 3,540.89 "," 3,894.98 ",priority
233,213," 1,213.16 "," 1,788.79 "," 2,736.74 "," 2,114.57 "," 2,491.79 "," 1,847.58 "," 2,335.03 "," 2,567.73 "," 3,028.23 "," 3,557.33 "," 3,913.06 ",priority
234,214," 1,218.58 "," 1,796.92 "," 2,749.33 "," 2,124.23 "," 2,503.23 "," 1,855.98 "," 2,345.72 "," 2,579.52 "," 3,042.18 "," 3,573.76 "," 3,931.14 ",priority
235,215," 1,224.01 "," 1,805.05 "," 2,761.91 "," 2,133.89 "," 2,514.66 "," 1,864.39 "," 2,356.42 "," 2,591.30 "," 3,056.13 "," 3,590.19 "," 3,949.21 ",priority
236,216," 1,229.44 "," 1,813.18 "," 2,774.49 "," 2,143.55 "," 2,526.09 "," 1,872.80 "," 2,367.11 "," 2,603.09 "," 3,070.08 "," 3,606.63 "," 3,967.29 ",priority
237,217," 1,234.87 "," 1,821.31 "," 2,787.07 "," 2,153.21 "," 2,537.52 "," 1,881.20 "," 2,377.81 "," 2,614.88 "," 3,084.03 "," 3,623.06 "," 3,985.37 ",priority
238,218," 1,240.30 "," 1,829.44 "," 2,799.65 "," 2,162.87 "," 2,548.95 "," 1,889.61 "," 2,388.50 "," 2,626.67 "," 3,097.98 "," 3,639.49 "," 4,003.44 ",priority
239,219," 1,245.72 "," 1,837.57 "," 2,812.23 "," 2,172.53 "," 2,560.38 "," 1,898.01 "," 2,399.20 "," 2,638.45 "," 3,111.93 "," 3,655.93 "," 4,021.52 ",priority
240,220," 1,251.15 "," 1,845.70 "," 2,824.81 "," 2,182.19 "," 2,571.81 "," 1,906.42 "," 2,409.89 "," 2,650.24 "," 3,125.88 "," 3,672.36 "," 4,039.60 ",priority
241,221," 1,256.58 "," 1,853.83 "," 2,837.39 "," 2,191.85 "," 2,583.24 "," 1,914.83 "," 2,420.59 "," 2,662.03 "," 3,139.83 "," 3,688.79 "," 4,057.67 ",priority
242,222," 1,262.01 "," 1,861.96 "," 2,849.97 "," 2,201.51 "," 2,594.67 "," 1,923.23 "," 2,431.28 "," 2,673.82 "," 3,153.78 "," 3,705.23 "," 4,075.75 ",priority
243,223," 1,267.44 "," 1,870.09 "," 2,862.55 "," 2,211.17 "," 2,606.10 "," 1,931.64 "," 2,441.98 "," 2,685.60 "," 3,167.73 "," 3,721.66 "," 4,093.83 ",priority
244,224," 1,272.86 "," 1,878.22 "," 2,875.14 "," 2,220.83 "," 2,617.54 "," 1,940.05 "," 2,452.67 "," 2,697.39 "," 3,181.68 "," 3,738.10 "," 4,111.90 ",priority
245,225," 1,278.29 "," 1,886.35 "," 2,887.72 "," 2,230.49 "," 2,628.97 "," 1,948.45 "," 2,463.37 "," 2,709.18 "," 3,195.63 "," 3,754.53 "," 4,129.98 ",priority
246,226," 1,290.84 "," 1,901.61 "," 2,907.42 "," 2,247.28 "," 2,647.52 "," 1,963.98 "," 2,481.19 "," 2,728.09 "," 3,216.70 "," 3,778.09 "," 4,155.89 ",priority
247,227," 1,296.27 "," 1,909.74 "," 2,920.00 "," 2,256.94 "," 2,658.95 "," 1,972.39 "," 2,491.88 "," 2,739.88 "," 3,230.65 "," 3,794.52 "," 4,173.97 ",priority
248,228," 1,301.70 "," 1,917.87 "," 2,932.58 "," 2,266.60 "," 2,670.38 "," 1,980.80 "," 2,502.58 "," 2,751.67 "," 3,244.60 "," 3,810.95 "," 4,192.05 ",priority
249,229," 1,307.13 "," 1,926.00 "," 2,945.16 "," 2,276.26 "," 2,681.81 "," 1,989.20 "," 2,513.27 "," 2,763.45 "," 3,258.55 "," 3,827.39 "," 4,210.13 ",priority
250,230," 1,312.56 "," 1,934.13 "," 2,957.75 "," 2,285.92 "," 2,693.25 "," 1,997.61 "," 2,523.97 "," 2,775.24 "," 3,272.50 "," 3,843.82 "," 4,228.20 ",priority
251,231," 1,317.98 "," 1,942.26 "," 2,970.33 "," 2,295.58 "," 2,704.68 "," 2,006.02 "," 2,534.66 "," 2,787.03 "," 3,286.45 "," 3,860.25 "," 4,246.28 ",priority
252,232," 1,323.41 "," 1,950.39 "," 2,982.91 "," 2,305.24 "," 2,716.11 "," 2,014.42 "," 2,545.36 "," 2,798.82 "," 3,300.40 "," 3,876.69 "," 4,264.36 ",priority
253,233," 1,328.84 "," 1,958.52 "," 2,995.49 "," 2,314.90 "," 2,727.54 "," 2,022.83 "," 2,556.05 "," 2,810.60 "," 3,314.35 "," 3,893.12 "," 4,282.43 ",priority
254,234," 1,334.27 "," 1,966.65 "," 3,008.07 "," 2,324.56 "," 2,738.97 "," 2,031.24 "," 2,566.75 "," 2,822.39 "," 3,328.30 "," 3,909.55 "," 4,300.51 ",priority
255,235," 1,339.70 "," 1,974.78 "," 3,020.65 "," 2,334.22 "," 2,750.40 "," 2,039.64 "," 2,577.44 "," 2,834.18 "," 3,342.25 "," 3,925.99 "," 4,318.59 ",priority
256,236," 1,345.12 "," 1,982.91 "," 3,033.23 "," 2,343.88 "," 2,761.83 "," 2,048.05 "," 2,588.14 "," 2,845.97 "," 3,356.20 "," 3,942.42 "," 4,336.66 ",priority
257,237," 1,350.55 "," 1,991.04 "," 3,045.81 "," 2,353.54 "," 2,773.26 "," 2,056.46 "," 2,598.83 "," 2,857.75 "," 3,370.15 "," 3,958.85 "," 4,354.74 ",priority
258,238," 1,355.98 "," 1,999.17 "," 3,058.39 "," 2,363.20 "," 2,784.69 "," 2,064.86 "," 2,609.53 "," 2,869.54 "," 3,384.10 "," 3,975.29 "," 4,372.82 ",priority
259,239," 1,361.41 "," 2,007.30 "," 3,070.97 "," 2,372.86 "," 2,796.12 "," 2,073.27 "," 2,620.22 "," 2,881.33 "," 3,398.05 "," 3,991.72 "," 4,390.89 ",priority
260,240," 1,366.84 "," 2,015.44 "," 3,083.56 "," 2,382.52 "," 2,807.56 "," 2,081.68 "," 2,630.92 "," 2,893.12 "," 3,412.00 "," 4,008.16 "," 4,408.97 ",priority
261,241," 1,372.26 "," 2,023.57 "," 3,096.14 "," 2,392.18 "," 2,818.99 "," 2,090.08 "," 2,641.61 "," 2,904.90 "," 3,425.94 "," 4,024.59 "," 4,427.05 ",priority
262,242," 1,377.69 "," 2,031.70 "," 3,108.72 "," 2,401.84 "," 2,830.42 "," 2,098.49 "," 2,652.31 "," 2,916.69 "," 3,439.89 "," 4,041.02 "," 4,445.12 ",priority
263,243," 1,383.12 "," 2,039.83 "," 3,121.30 "," 2,411.50 "," 2,841.85 "," 2,106.89 "," 2,663.00 "," 2,928.48 "," 3,453.84 "," 4,057.46 "," 4,463.20 ",priority
264,244," 1,388.55 "," 2,047.96 "," 3,133.88 "," 2,421.16 "," 2,853.28 "," 2,115.30 "," 2,673.70 "," 2,940.27 "," 3,467.79 "," 4,073.89 "," 4,481.28 ",priority
265,245," 1,383.12 "," 2,039.83 "," 3,121.30 "," 2,411.50 "," 2,841.85 "," 2,106.89 "," 2,663.00 "," 2,928.48 "," 3,453.84 "," 4,057.46 "," 4,463.20 ",priority
266,246," 1,399.40 "," 2,064.22 "," 3,159.04 "," 2,440.48 "," 2,876.14 "," 2,132.11 "," 2,695.09 "," 2,963.84 "," 3,495.69 "," 4,106.76 "," 4,517.43 ",priority
267,247," 1,404.83 "," 2,072.35 "," 3,171.62 "," 2,450.14 "," 2,887.57 "," 2,140.52 "," 2,705.78 "," 2,975.63 "," 3,509.64 "," 4,123.19 "," 4,535.51 ",priority
268,248," 1,410.26 "," 2,080.48 "," 3,184.20 "," 2,459.80 "," 2,899.00 "," 2,148.93 "," 2,716.48 "," 2,987.42 "," 3,523.59 "," 4,139.62 "," 4,553.59 ",priority
269,249," 1,415.69 "," 2,088.61 "," 3,196.78 "," 2,469.46 "," 2,910.43 "," 2,157.33 "," 2,727.17 "," 2,999.20 "," 3,537.54 "," 4,156.06 "," 4,571.66 ",priority
270,250," 1,421.12 "," 2,096.74 "," 3,209.37 "," 2,479.12 "," 2,921.87 "," 2,165.74 "," 2,737.87 "," 3,010.99 "," 3,551.49 "," 4,172.49 "," 4,589.74 ",priority
271,251," 1,433.67 "," 2,111.99 "," 3,229.07 "," 2,495.90 "," 2,940.42 "," 2,181.27 "," 2,755.68 "," 3,029.90 "," 3,572.56 "," 4,196.05 "," 4,615.65 ",priority
272,252," 1,439.09 "," 2,120.12 "," 3,241.65 "," 2,505.56 "," 2,951.85 "," 2,189.68 "," 2,766.38 "," 3,041.69 "," 3,586.51 "," 4,212.48 "," 4,633.73 ",priority
273,253," 1,444.52 "," 2,128.26 "," 3,254.23 "," 2,515.22 "," 2,963.28 "," 2,198.08 "," 2,777.07 "," 3,053.48 "," 3,600.46 "," 4,228.91 "," 4,651.81 ",priority
274,254," 1,449.95 "," 2,136.39 "," 3,266.81 "," 2,524.88 "," 2,974.71 "," 2,206.49 "," 2,787.77 "," 3,065.26 "," 3,614.41 "," 4,245.35 "," 4,669.88 ",priority
275,255," 1,455.38 "," 2,144.52 "," 3,279.39 "," 2,534.54 "," 2,986.14 "," 2,214.90 "," 2,798.46 "," 3,077.05 "," 3,628.36 "," 4,261.78 "," 4,687.96 ",priority
276,256," 1,460.81 "," 2,152.65 "," 3,291.97 "," 2,544.20 "," 2,997.57 "," 2,223.30 "," 2,809.16 "," 3,088.84 "," 3,642.31 "," 4,278.21 "," 4,706.04 ",priority
277,257," 1,466.23 "," 2,160.78 "," 3,304.56 "," 2,553.86 "," 3,009.01 "," 2,231.71 "," 2,819.85 "," 3,100.63 "," 3,656.26 "," 4,294.65 "," 4,724.11 ",priority
278,258," 1,471.66 "," 2,168.91 "," 3,317.14 "," 2,563.52 "," 3,020.44 "," 2,240.12 "," 2,830.55 "," 3,112.41 "," 3,670.21 "," 4,311.08 "," 4,742.19 ",priority
279,259," 1,477.09 "," 2,177.04 "," 3,329.72 "," 2,573.18 "," 3,031.87 "," 2,248.52 "," 2,841.24 "," 3,124.20 "," 3,684.16 "," 4,327.52 "," 4,760.27 ",priority
280,260," 1,482.52 "," 2,185.17 "," 3,342.30 "," 2,582.84 "," 3,043.30 "," 2,256.93 "," 2,851.94 "," 3,135.99 "," 3,698.11 "," 4,343.95 "," 4,778.34 ",priority
281,261," 1,487.95 "," 2,193.30 "," 3,354.88 "," 2,592.50 "," 3,054.73 "," 2,265.34 "," 2,862.63 "," 3,147.78 "," 3,712.06 "," 4,360.38 "," 4,796.42 ",priority
282,262," 1,493.37 "," 2,201.43 "," 3,367.46 "," 2,602.16 "," 3,066.16 "," 2,273.74 "," 2,873.33 "," 3,159.56 "," 3,726.01 "," 4,376.82 "," 4,814.50 ",priority
283,263," 1,498.80 "," 2,209.56 "," 3,380.04 "," 2,611.82 "," 3,077.59 "," 2,282.15 "," 2,884.02 "," 3,171.35 "," 3,739.96 "," 4,393.25 "," 4,832.57 ",priority
284,264," 1,504.23 "," 2,217.69 "," 3,392.62 "," 2,621.48 "," 3,089.02 "," 2,290.55 "," 2,894.72 "," 3,183.14 "," 3,753.91 "," 4,409.68 "," 4,850.65 ",priority
285,265," 1,509.66 "," 2,225.82 "," 3,405.20 "," 2,631.14 "," 3,100.45 "," 2,298.96 "," 2,905.41 "," 3,194.93 "," 3,767.86 "," 4,426.12 "," 4,868.73 ",priority
286,266," 1,515.09 "," 2,233.95 "," 3,417.78 "," 2,640.80 "," 3,111.88 "," 2,307.37 "," 2,916.11 "," 3,206.71 "," 3,781.81 "," 4,442.55 "," 4,886.80 ",priority
287,267," 1,520.51 "," 2,242.08 "," 3,430.37 "," 2,650.46 "," 3,123.32 "," 2,315.77 "," 2,926.80 "," 3,218.50 "," 3,795.76 "," 4,458.98 "," 4,904.88 ",priority
288,268," 1,525.94 "," 2,250.21 "," 3,442.95 "," 2,660.12 "," 3,134.75 "," 2,324.18 "," 2,937.50 "," 3,230.29 "," 3,809.70 "," 4,475.42 "," 4,922.96 ",priority
289,269," 1,531.37 "," 2,258.34 "," 3,455.53 "," 2,669.78 "," 3,146.18 "," 2,332.59 "," 2,948.19 "," 3,242.08 "," 3,823.65 "," 4,491.85 "," 4,941.04 ",priority
290,270," 1,536.80 "," 2,266.47 "," 3,468.11 "," 2,679.44 "," 3,157.61 "," 2,340.99 "," 2,958.89 "," 3,253.86 "," 3,837.60 "," 4,508.28 "," 4,959.11 ",priority
291,271," 1,542.23 "," 2,274.60 "," 3,480.69 "," 2,689.10 "," 3,169.04 "," 2,349.40 "," 2,969.58 "," 3,265.65 "," 3,851.55 "," 4,524.72 "," 4,977.19 ",priority
292,272," 1,547.65 "," 2,282.73 "," 3,493.27 "," 2,698.76 "," 3,180.47 "," 2,357.81 "," 2,980.28 "," 3,277.44 "," 3,865.50 "," 4,541.15 "," 4,995.27 ",priority
293,273," 1,553.08 "," 2,290.87 "," 3,505.85 "," 2,708.42 "," 3,191.90 "," 2,366.21 "," 2,990.97 "," 3,289.23 "," 3,879.45 "," 4,557.58 "," 5,013.34 ",priority
294,274," 1,558.51 "," 2,299.00 "," 3,518.43 "," 2,718.08 "," 3,203.33 "," 2,374.62 "," 3,001.67 "," 3,301.01 "," 3,893.40 "," 4,574.02 "," 5,031.42 ",priority
295,275," 1,563.94 "," 2,307.13 "," 3,531.01 "," 2,727.74 "," 3,214.76 "," 2,383.03 "," 3,012.36 "," 3,312.80 "," 3,907.35 "," 4,590.45 "," 5,049.50 ",priority
296,276," 1,576.49 "," 2,322.38 "," 3,550.72 "," 2,744.52 "," 3,233.32 "," 2,398.56 "," 3,030.18 "," 3,331.71 "," 3,928.42 "," 4,614.01 "," 5,075.41 ",priority
297,277," 1,581.92 "," 2,330.51 "," 3,563.30 "," 2,754.18 "," 3,244.75 "," 2,406.96 "," 3,040.88 "," 3,343.50 "," 3,942.37 "," 4,630.44 "," 5,093.49 ",priority
298,278," 1,587.35 "," 2,338.64 "," 3,575.88 "," 2,763.84 "," 3,256.18 "," 2,415.37 "," 3,051.57 "," 3,355.29 "," 3,956.32 "," 4,646.88 "," 5,111.56 ",priority
299,279," 1,592.77 "," 2,346.77 "," 3,588.46 "," 2,773.50 "," 3,267.61 "," 2,423.78 "," 3,062.27 "," 3,367.08 "," 3,970.27 "," 4,663.31 "," 5,129.64 ",priority
300,280," 1,598.20 "," 2,354.90 "," 3,601.04 "," 2,783.16 "," 3,279.04 "," 2,432.18 "," 3,072.96 "," 3,378.86 "," 3,984.22 "," 4,679.74 "," 5,147.72 ",priority
301,281," 1,603.63 "," 2,363.03 "," 3,613.62 "," 2,792.82 "," 3,290.47 "," 2,440.59 "," 3,083.66 "," 3,390.65 "," 3,998.17 "," 4,696.18 "," 5,165.79 ",priority
302,282," 1,609.06 "," 2,371.16 "," 3,626.20 "," 2,802.48 "," 3,301.90 "," 2,449.00 "," 3,094.35 "," 3,402.44 "," 4,012.12 "," 4,712.61 "," 5,183.87 ",priority
303,283," 1,614.49 "," 2,379.29 "," 3,638.79 "," 2,812.14 "," 3,313.34 "," 2,457.40 "," 3,105.05 "," 3,414.23 "," 4,026.07 "," 4,729.04 "," 5,201.95 ",priority
304,284," 1,619.91 "," 2,387.42 "," 3,651.37 "," 2,821.80 "," 3,324.77 "," 2,465.81 "," 3,115.74 "," 3,426.01 "," 4,040.02 "," 4,745.48 "," 5,220.02 ",priority
305,285," 1,625.34 "," 2,395.56 "," 3,663.95 "," 2,831.46 "," 3,336.20 "," 2,474.22 "," 3,126.44 "," 3,437.80 "," 4,053.97 "," 4,761.91 "," 5,238.10 ",priority
306,286," 1,630.77 "," 2,403.69 "," 3,676.53 "," 2,841.12 "," 3,347.63 "," 2,482.62 "," 3,137.13 "," 3,449.59 "," 4,067.92 "," 4,778.34 "," 5,256.18 ",priority
307,287," 1,636.20 "," 2,411.82 "," 3,689.11 "," 2,850.78 "," 3,359.06 "," 2,491.03 "," 3,147.83 "," 3,461.38 "," 4,081.87 "," 4,794.78 "," 5,274.26 ",priority
308,288," 1,641.63 "," 2,419.95 "," 3,701.69 "," 2,860.44 "," 3,370.49 "," 2,499.43 "," 3,158.52 "," 3,473.16 "," 4,095.82 "," 4,811.21 "," 5,292.33 ",priority
309,289," 1,647.05 "," 2,428.08 "," 3,714.27 "," 2,870.10 "," 3,381.92 "," 2,507.84 "," 3,169.22 "," 3,484.95 "," 4,109.77 "," 4,827.64 "," 5,310.41 ",priority
310,290," 1,652.48 "," 2,436.21 "," 3,726.85 "," 2,879.76 "," 3,393.35 "," 2,516.25 "," 3,179.91 "," 3,496.74 "," 4,123.72 "," 4,844.08 "," 5,328.49 ",priority
311,291," 1,657.91 "," 2,444.34 "," 3,739.43 "," 2,889.42 "," 3,404.78 "," 2,524.65 "," 3,190.61 "," 3,508.53 "," 4,137.67 "," 4,860.51 "," 5,346.56 ",priority
312,292," 1,663.34 "," 2,452.47 "," 3,752.01 "," 2,899.08 "," 3,416.21 "," 2,533.06 "," 3,201.30 "," 3,520.31 "," 4,151.62 "," 4,876.94 "," 5,364.64 ",priority
313,293," 1,668.77 "," 2,460.60 "," 3,764.60 "," 2,908.74 "," 3,427.65 "," 2,541.47 "," 3,212.00 "," 3,532.10 "," 4,165.57 "," 4,893.38 "," 5,382.72 ",priority
314,294," 1,674.19 "," 2,468.73 "," 3,777.18 "," 2,918.40 "," 3,439.08 "," 2,549.87 "," 3,222.69 "," 3,543.89 "," 4,179.52 "," 4,909.81 "," 5,400.79 ",priority
315,295," 1,679.62 "," 2,476.86 "," 3,789.76 "," 2,928.06 "," 3,450.51 "," 2,558.28 "," 3,233.39 "," 3,555.68 "," 4,193.47 "," 4,926.25 "," 5,418.87 ",priority
316,296," 1,685.05 "," 2,484.99 "," 3,802.34 "," 2,937.72 "," 3,461.94 "," 2,566.69 "," 3,244.08 "," 3,567.46 "," 4,207.41 "," 4,942.68 "," 5,436.95 ",priority
317,297," 1,690.48 "," 2,493.12 "," 3,814.92 "," 2,947.38 "," 3,473.37 "," 2,575.09 "," 3,254.78 "," 3,579.25 "," 4,221.36 "," 4,959.11 "," 5,455.02 ",priority
318,298," 1,695.91 "," 2,501.25 "," 3,827.50 "," 2,957.04 "," 3,484.80 "," 2,583.50 "," 3,265.47 "," 3,591.04 "," 4,235.31 "," 4,975.55 "," 5,473.10 ",priority
319,299," 1,701.33 "," 2,509.38 "," 3,840.08 "," 2,966.70 "," 3,496.23 "," 2,591.91 "," 3,276.17 "," 3,602.83 "," 4,249.26 "," 4,991.98 "," 5,491.18 ",priority
320,300," 1,706.76 "," 2,517.51 "," 3,687.06 "," 2,976.36 "," 3,507.66 "," 2,507.16 "," 3,852.66 "," 3,480.06 "," 4,263.21 "," 5,008.41 "," 5,509.25 ",priority
,,,,,,,,,,,,,
,,,,,,,,,,,,,
,,,,,,,,,,,,,
,,,,,,,,,,,,,
,,,,,,,,,,,,,
,,,,,,,,,,,,,
,,,,,,,,,,,,,
,,,,,,,,,,,,,
,,,,,,,,,,,,,
,,,,,,,,,,,,,
,,,,,,,,,,,,,
,,,,,,,,,,,,,
,,,,,,,,,,,,,priority
,,,,,,,,,,,,,priority
,,,,,,,,,,,,,priority
,,,,,,,,,,,,,priority
,,,,,,,,,,,,,priority
,,,,,,,,,,,,,priority
,,,,,,,,,,,,,priority
,,,,,,,,,,,,,priority
,,,,,,,,,,,,,priority
,,,,,,,,,,,,,priority
,,,,,,,,,,,,,priority
